,Company Name,Website Link,Phone Number_1,Phone Number_2,Address,Google Link
0,Software House Lahore II Web Designing Company Lahore II Digital Marketing Company Lahore,https://bestsoftwarehouselahore.blogspot.com/,Phone number 1 not found.,0305 9871527,"H857+VGF, Mozang Chungi, Lahore, Punjab 58000",https://www.google.com/maps/place/Software+House+Lahore+II+Web+Designing+Company+Lahore+II+Digital+Marketing+Company+Lahore/data=!4m7!3m6!1s0x39191b5b0b225145:0x20588f019334c622!8m2!3d31.5596875!4d74.3138125!16s%2Fg%2F11q8gbv_z8!19sChIJRVEiC1sbGTkRIsY0kwGPWCA?authuser=0&hl=en&rclk=1
1,REX Technologies | Software Company in Lahore,https://www.rextech.pk/,Phone number 1 not found.,Phone number 2 not found.,"2nd Floor, 646 Khayaban-e-Jinnah, Iqbal Avenue Cooperative Housing Society - Phase I Airline Society, Lahore, Punjab",https://www.google.com/maps/place/REX+Technologies+%7C+Software+Company+in+Lahore/data=!4m7!3m6!1s0x3919016b2e78b669:0x67e72027354c9408!8m2!3d31.4406676!4d74.2674161!16s%2Fg%2F11r7xdht3c!19sChIJabZ4LmsBGTkRCJRMNScg52c?authuser=0&hl=en&rclk=1
2,Pak Developer--The Best software house in Lahore --software house in DHA/software house in township,https://website-1249314101488874505142-softwarecompany.business.site/?utm_source=gmb&utm_medium=referral,Phone number 1 not found.,Plus code: F8GG+WC Lahore,"134, Block G Model Town, Lahore, Punjab 54000",https://www.google.com/maps/place/Pak+Developer--The+Best+software+house+in+Lahore+--software+house+in+DHA%2Fsoftware+house+in+township/data=!4m7!3m6!1s0x3919059ecb91f643:0xc0868bf4f0a11228!8m2!3d31.4772775!4d74.3260863!16s%2Fg%2F11qq9vpbls!19sChIJQ_aRy54FGTkRKBKh8PSLhsA?authuser=0&hl=en&rclk=1
3,Arbisoft,https://www.arbisoft.com/,(042) 37498533,Phone number 2 not found.,"25 Canal Rd, Westwood Colony Lahore, Punjab 54000",https://www.google.com/maps/place/Arbisoft/data=!4m7!3m6!1s0x391902194b5f4fa5:0x77760d1db4c96beb!8m2!3d31.4662463!4d74.2364904!16s%2Fg%2F11cfc_3yx!19sChIJpU9fSxkCGTkR62vJtB0Ndnc?authuser=0&hl=en&rclk=1
4,IT Genesis - - Software House in Lahore - - Software company in Lahore / Software house in Gulberg,https://itgenesis.net/,Phone number 1 not found.,Phone number 2 not found.,"73-E/1، IT TOWER، 111 Hali Rd, Block E1 Block E 1 Gulberg III, Lahore, Punjab 54000",https://www.google.com/maps/place/IT+Genesis+-+-+Software+House+in+Lahore+-+-+Software+company+in+Lahore+%2F+Software+house+in+Gulberg/data=!4m7!3m6!1s0x391905c442ee05c1:0x7050b1419de287e1!8m2!3d31.5156596!4d74.3411695!16s%2Fg%2F11g0hm9s35!19sChIJwQXuQsQFGTkR4YfinUGxUHA?authuser=0&hl=en&rclk=1
5,"United Software - IT Company, Software Solutions",http://theunitedsoftware.com/,(042) 111 000 320,Phone number 2 not found.,"UIG House 6-A, Upper Mall Scheme, Lahore, Punjab 54000","https://www.google.com/maps/place/United+Software+-+IT+Company,+Software+Solutions/data=!4m7!3m6!1s0x391904d8f2979b23:0xcb2a78a0b9c7fb57!8m2!3d31.550333!4d74.356842!16s%2Fg%2F11clydcfmc!19sChIJI5uX8tgEGTkRV_vHuaB4Kss?authuser=0&hl=en&rclk=1"
6,Techlogix Pakistan (Pvt.) Ltd.,http://www.techlogix.com/,(042) 111 859 859,Phone number 2 not found.,"39 Empress Road, Commercial Area Garhi Shahu, Lahore, Punjab 54000",https://www.google.com/maps/place/Techlogix+Pakistan+%28Pvt.%29+Ltd./data=!4m7!3m6!1s0x391904b55f021027:0xc1c404d218c64bb5!8m2!3d31.560747!4d74.3351054!16s%2Fg%2F124t364mq!19sChIJJxACX7UEGTkRtUvGGNIExME?authuser=0&hl=en&rclk=1
7,Peak Software Technology,http://peaksofttech.com/,Phone number 1 not found.,Phone number 2 not found.,"C7VQ+9X7, Johar Event Complex, Pakistan Township, Block 14 Sector B 1 PGECHS, Lahore, Punjab 54770",https://www.google.com/maps/place/Peak+Software+Technology/data=!4m7!3m6!1s0x39190150357ac4fb:0xfa2a55baefe8b046!8m2!3d31.4434036!4d74.2899324!16s%2Fg%2F1tcvxtbf!19sChIJ-8R6NVABGTkRRrDo77pVKvo?authuser=0&hl=en&rclk=1
8,Bestosoft- The best software house in Pakistan,http://www.bestosoft.co/,Phone number 1 not found.,0301 4836286,"F9FF+W9M, Sector Y DHA Phase 3, Lahore, Punjab",https://www.google.com/maps/place/Bestosoft-+The+best+software+house+in+Pakistan/data=!4m7!3m6!1s0x3919078d8a63ab9f:0xa579432719b0bbe3!8m2!3d31.4748459!4d74.3734199!16s%2Fg%2F11fnbdt5ff!19sChIJn6tjio0HGTkR47uwGSdDeaU?authuser=0&hl=en&rclk=1
9,DatumSquare IT Services Lahore Office,http://www.datumsquare.com/,(042) 35817305,Phone number 2 not found.,"Office # 404, 4th Floor, Saddiq Trade Centre, Lahore, Pakistan, Main Blvd Gulberg, Block H Gulberg 2, Lahore, Punjab",https://www.google.com/maps/place/DatumSquare+IT+Services+Lahore+Office/data=!4m7!3m6!1s0x391904e4a66252a3:0xc6b8e7ffed813ca1!8m2!3d31.5313004!4d74.3527228!16s%2Fg%2F11cm844cb0!19sChIJo1JipuQEGTkRoTyB7f_nuMY?authuser=0&hl=en&rclk=1
10,softvalley software house,http://www.softvalley.com.pk/,Plus code: 97M5+RF Lahore,Phone number 2 not found.,"House No, 362, TIP Phase 2 Khayaban E Ameen, Lahore, Punjab",https://www.google.com/maps/place/softvalley+software+house/data=!4m7!3m6!1s0x3919015035edf8c7:0xa04cb7841faae29c!8m2!3d31.3846014!4d74.2586352!16s%2Fg%2F11g9f46szl!19sChIJx_jtNVABGTkRnOKqH4S3TKA?authuser=0&hl=en&rclk=1
11,Key2code Software House,https://key2code.com/,(042) 35233574,Phone number 2 not found.,"1019, Sector D2 Sector D 2 Block 1 Green Town, Lahore, Punjab 54770",https://www.google.com/maps/place/Key2code+Software+House/data=!4m7!3m6!1s0x3919012c1fad5a6f:0xd3ea75eefa56f8e9!8m2!3d31.4313932!4d74.3060847!16s%2Fg%2F1hjgr1tzj!19sChIJb1qtHywBGTkR6fhW-u516tM?authuser=0&hl=en&rclk=1
12,Strategic Systems International,http://www.ssidecisions.com/,(042) 35310355,Phone number 2 not found.,"17-J1, Canal Rd, Block J1 Block J 1 Phase 2 Johar Town, Lahore, Punjab",https://www.google.com/maps/place/Strategic+Systems+International/data=!4m7!3m6!1s0x39190224dfbdf541:0x82466291205ffaa6!8m2!3d31.472042!4d74.2500976!16s%2Fg%2F1tk9p4hx!19sChIJQfW93yQCGTkRpvpfIJFiRoI?authuser=0&hl=en&rclk=1
13,tkxel,https://www.tkxel.com/,(042) 35772926,Phone number 2 not found.,"22/L, Main Lahore – Kasur Rd, Gulberg III, Lahore, 54600",https://www.google.com/maps/place/tkxel/data=!4m7!3m6!1s0x3919044ecaaaa291:0xbeddaf40fa9b2a8d!8m2!3d31.4958019!4d74.3355443!16s%2Fg%2F11bwf81xwn!19sChIJkaKqyk4EGTkRjSqb-kCv3b4?authuser=0&hl=en&rclk=1
14,Contour Software,http://contour-software.com/,Phone number 1 not found.,(042) 35788961,Address not found.,https://www.google.com/maps/place/Contour+Software/data=!4m7!3m6!1s0x391904f9b882a623:0x2f1cea4df5240c2f!8m2!3d31.4935039!4d74.3239814!16s%2Fg%2F1ptw0rc_0!19sChIJI6aCuPkEGTkRLwwk9U3qHC8?authuser=0&hl=en&rclk=1
15,IT Genesis -- The Best Software House in Lahore | The Best Software Company in Lahore | Software House in Lahore,http://www.itgenesis.net/,Phone number 1 not found.,Phone number 2 not found.,"IT Lab, 119, Himayat Islam Chowk, Multan Rd, Sodiwal, Samanabad Town, Samananad, Lahore, 54500",https://www.google.com/maps/place/IT+Genesis+--+The+Best+Software+House+in+Lahore+%7C+The+Best+Software+Company+in+Lahore+%7C+Software+House+in+Lahore/data=!4m7!3m6!1s0x3919041c84728145:0xd3cdee6c633c92ae!8m2!3d31.534094!4d74.289009!16s%2Fg%2F11fz9zxb6w!19sChIJRYFyhBwEGTkRrpI8Y2zuzdM?authuser=0&hl=en&rclk=1
16,PETSAAL TECHNOLOGIES PVT LTD | Best Software House | IT Solution | ERP CRM Development,https://petsaaltech.com/,Phone number 1 not found.,Phone number 2 not found.,"1, 2nd Floor TecVezoto, 2nd Floor) of TecVezoto, 2 Km From, opposite Ring Raod, near Netsol Avenue, DHA Phase 8, Lahore, 54810",https://www.google.com/maps/place/PETSAAL+TECHNOLOGIES+PVT+LTD+%7C+Best+Software+House+%7C+IT+Solution+%7C+ERP+CRM+Development/data=!4m7!3m6!1s0x3919059ea154be2f:0x51173b9c13b4aea2!8m2!3d31.4936616!4d74.4293118!16s%2Fg%2F11g0z715q1!19sChIJL75UoZ4FGTkRoq60E5w7F1E?authuser=0&hl=en&rclk=1
17,ThinkDone Solutions,http://thinkdonesolutions.com/,Plus code: C698+8V Lahore,Phone number 2 not found.,"176 B Block, 1 Public Health Society Main Road، Lda Avenue, Lahore",https://www.google.com/maps/place/ThinkDone+Solutions/data=!4m7!3m6!1s0x391903e9fd569b1d:0xa0906dc76ed09db!8m2!3d31.418361!4d74.2171539!16s%2Fg%2F11csb2m5_6!19sChIJHZtW_ekDGTkR2wntdtwGCQo?authuser=0&hl=en&rclk=1
18,"ShehzadOnline | Website Design, Development, Domain, Hosting & SEO Company, Lahore Pakistan.",https://shehzadonline.com/,Phone number 1 not found.,Phone number 2 not found.,"Office No 16, 2nd Floor, Lucky Center, Commercial Area Block A Pak-Arab Housing Scheme, Lahore, Punjab 54000","https://www.google.com/maps/place/ShehzadOnline+%7C+Website+Design,+Development,+Domain,+Hosting+%26+SEO+Company,+Lahore+Pakistan./data=!4m7!3m6!1s0x3919069d1bc631f1:0x5ab2bd725d69662f!8m2!3d31.432479!4d74.3541052!16s%2Fg%2F1tfq7m9p!19sChIJ8THGG50GGTkRL2ZpXXK9slo?authuser=0&hl=en&rclk=1"
19,NETSOL Technologies Ltd.,https://www.netsoltech.com/,Phone number 1 not found.,Phone number 2 not found.,"NETSOL Avenue، Main Ghazi Rd, Lahore, 54792",https://www.google.com/maps/place/NETSOL+Technologies+Ltd./data=!4m7!3m6!1s0x39190f45c5e87855:0x7706e0ae1cd9472a!8m2!3d31.4967647!4d74.4221337!16s%2Fg%2F1x5qr582!19sChIJVXjoxUUPGTkRKkfZHK7gBnc?authuser=0&hl=en&rclk=1
20,TechnoLyte Software House - Top IT Agency,https://technolyte.com/,Phone number 1 not found.,Phone number 2 not found.,"Mega Tower, M1-19, Gulberg 2, Lahore, 54000",https://www.google.com/maps/place/TechnoLyte+Software+House+-+Top+IT+Agency/data=!4m7!3m6!1s0x391905a4c5ed9ea7:0xd9985a254ca41409!8m2!3d31.5278276!4d74.3493734!16s%2Fg%2F11nft6rh_0!19sChIJp57txaQFGTkRCRSkTCVamNk?authuser=0&hl=en&rclk=1
21,Sixlogics Pakistan,https://www.sixlogics.com/,(042) 38864562,Phone number 2 not found.,"Floor 2, One R Plaza, near Sumo & Mandarin, Block T Gulberg 2, Lahore, Punjab 54000",https://www.google.com/maps/place/Sixlogics+Pakistan/data=!4m7!3m6!1s0x39190473981b4847:0x15e8388505fc21ac!8m2!3d31.519966!4d74.3508036!16s%2Fg%2F1z44r_pl0!19sChIJR0gbmHMEGTkRrCH8BYU46BU?authuser=0&hl=en&rclk=1
22,SoloInsight Inc.,http://soloinsight.com/,Phone number 1 not found.,Phone number 2 not found.,"Corporate Tower, Main Boulevard Garden Town, Babar Block Garden Town, Lahore, Punjab",https://www.google.com/maps/place/SoloInsight+Inc./data=!4m7!3m6!1s0x39190471c53ce7fb:0xd8ced2e37e8b4145!8m2!3d31.5010299!4d74.3226928!16s%2Fg%2F11bw4s_xyw!19sChIJ--c8xXEEGTkRRUGLfuPSztg?authuser=0&hl=en&rclk=1
23,Quaid Soft ® | A Real Estate Software - Housing Scheme Software Company in Lahore Pakistan,https://www.quaidsoft.com/,Phone number 1 not found.,Phone number 2 not found.,"Al Hafeez Shopping Mall, Office No. 325, 3rd Floor, Main Blvd Gulberg, |||, Lahore, 54660",https://www.google.com/maps/place/Quaid+Soft+%C2%AE+%7C+A+Real+Estate+Software+-+Housing+Scheme+Software+Company+in+Lahore+Pakistan/data=!4m7!3m6!1s0x690a0188864e0af9:0x254b6898960ecf36!8m2!3d31.5141068!4d74.3435721!16s%2Fg%2F11s745jw1g!19sChIJ-QpOhogBCmkRNs8OlphoSyU?authuser=0&hl=en&rclk=1
24,Soft Solutions,https://www.softsolutions.com.pk/,Phone number 1 not found.,Phone number 2 not found.,"10-C Commercial, Block C PIA Housing Society, Lahore, 54000",https://www.google.com/maps/place/Soft+Solutions/data=!4m7!3m6!1s0x39190459727a70fb:0x57d6cc0424986466!8m2!3d31.4495018!4d74.2806455!16s%2Fg%2F1tfsft1r!19sChIJ-3B6clkEGTkRZmSYJATM1lc?authuser=0&hl=en&rclk=1
25,zAmtech Software House,https://technolyte.com/,Phone number 1 not found.,Phone number 2 not found.,"Mega Tower, Office no 19, M1, 19 Main Boulevard Gulberg, Main Gulberg, Lahore, Punjab",https://www.google.com/maps/place/zAmtech+Software+House/data=!4m7!3m6!1s0x39190537659c9d4f:0x79a6a1854092357f!8m2!3d31.5278276!4d74.3493734!16s%2Fg%2F11g727tx_r!19sChIJT52cZTcFGTkRfzWSQIWhpnk?authuser=0&hl=en&rclk=1
26,Rana Technologies. Web Development Lahore | Software House,https://www.ranatechnologies.com/,Phone number 1 not found.,Phone number 2 not found.,"Al Hafeez Shopping Mall, Suite # 410, 4th Floor, Main Blvd Gulberg, Block D1 Gulberg III, Lahore, Punjab",https://www.google.com/maps/place/Rana+Technologies.+Web+Development+Lahore+%7C+Software+House/data=!4m7!3m6!1s0x3919045972400001:0x80dc73fd9140f114!8m2!3d31.5139698!4d74.3433629!16s%2Fg%2F1hc1nvwxb!19sChIJAQBAclkEGTkRFPFAkf1z3IA?authuser=0&hl=en&rclk=1
27,techcreatix,http://www.techcreatix.com/,Phone number 1 not found.,Phone number 2 not found.,"1st Floor, Office#33, IT Tower, 73-E-1, Hali Road, Gulberg 3, Lahore, Block E 1 Gulberg III, Lahore, Punjab 54810",https://www.google.com/maps/place/techcreatix/data=!4m7!3m6!1s0x3919045f2cb4f16d:0xb140895f029f3791!8m2!3d31.515761!4d74.34085!16s%2Fg%2F11dxl8vs2z!19sChIJbfG0LF8EGTkRkTefAl-JQLE?authuser=0&hl=en&rclk=1
28,Spadasoft Software Development Company,http://www.spadasoft.com/,0325 1041041,Phone number 2 not found.,"234-C PIA Main Boulevard, Block C Phase 1 Johar Town, Lahore, Punjab 54770",https://www.google.com/maps/place/Spadasoft+Software+Development+Company/data=!4m7!3m6!1s0x39190775e5c27477:0x616ebd57d4511399!8m2!3d31.4570076!4d74.2949691!16s%2Fg%2F11htqbvd3_!19sChIJd3TC5XUHGTkRmRNR1Fe9bmE?authuser=0&hl=en&rclk=1
29,eWorx International,http://www.eworxintl.com/,(042) 35315093,Phone number 2 not found.,"51-A Samsani Rd, Block F2 Block F 2 Phase 1 Johar Town, Lahore, Punjab",https://www.google.com/maps/place/eWorx+International/data=!4m7!3m6!1s0x391903d9f3310e53:0x355a5452f22209a5!8m2!3d31.470457!4d74.2784194!16s%2Fg%2F12mkw9dkk!19sChIJUw4x89kDGTkRpQki8lJUWjU?authuser=0&hl=en&rclk=1
30,Vaival Technologies,https://www.vaival.com/,Phone number 1 not found.,Phone number 2 not found.,"98/4 new, Babar Block Garden Town, Lahore, Punjab 54000",https://www.google.com/maps/place/Vaival+Technologies/data=!4m7!3m6!1s0x3919046dd3628e13:0xe478b9c91a5a1c91!8m2!3d31.4988798!4d74.3264235!16s%2Fg%2F11c6fb1zgj!19sChIJE45i020EGTkRkRxaGsm5eOQ?authuser=0&hl=en&rclk=1
31,KeyDevs Technologies Pvt. Ltd. Lahore,https://keydevs.pk/,0321 7851671,Phone number 2 not found.,"30-B, Johar, Malik Tufail Rd, Block B1 Block A 1 Phase 1 Town, Lahore, Punjab 54770",https://www.google.com/maps/place/KeyDevs+Technologies+Pvt.+Ltd.+Lahore/data=!4m7!3m6!1s0x3919079800dc4e5d:0x981a8de27115c734!8m2!3d31.4642357!4d74.3014666!16s%2Fg%2F11rgzvg99q!19sChIJXU7cAJgHGTkRNMcVceKNGpg?authuser=0&hl=en&rclk=1
32,Lahore Software Solutions,https://www.lahoregraphicdesign.com/,Phone number 1 not found.,Phone number 2 not found.,Address not found.,https://www.google.com/maps/place/Lahore+Software+Solutions/data=!4m7!3m6!1s0x39190541de1ecfd1:0x8f5f8562f0d663cc!8m2!3d31.4829403!4d74.3343893!16s%2Fg%2F11hdfmnmlg!19sChIJ0c8e3kEFGTkRzGPW8GKFX48?authuser=0&hl=en&rclk=1
33,SoftBits- Software House / Web Hosting Company,http://www.softbits.net/,Phone number 1 not found.,(048) 6786794,"Sodiwal Road Sodhiwal Lahore Punjab, 54000",https://www.google.com/maps/place/SoftBits-+Software+House+%2F+Web+Hosting+Company/data=!4m7!3m6!1s0x39190379bef0fae7:0xc0917ab7e639eb0!8m2!3d31.5350552!4d74.283279!16s%2Fg%2F11f5t3n8kn!19sChIJ5_rwvnkDGTkRsJ5jfqsXCQw?authuser=0&hl=en&rclk=1
34,Red Code Technology | Software House | Lahore,https://redcodetechnology.com/,Phone number 1 not found.,Phone number 2 not found.,"F-30, Shama Plaza, Lahore – Kasur Rd, Ichhra Lahore, Punjab 54000",https://www.google.com/maps/place/Red+Code+Technology+%7C+Software+House+%7C+Lahore/data=!4m7!3m6!1s0x391905b92c7a8645:0x77c9f9111f7f035b!8m2!3d31.5393218!4d74.3185265!16s%2Fg%2F11sq24qw0x!19sChIJRYZ6LLkFGTkRWwN_HxH5yXc?authuser=0&hl=en&rclk=1
35,PKLogix Software House,https://pklogix.com/,Phone number 1 not found.,Phone number 2 not found.,"1, Mehran Block Allama Iqbal Town, Lahore, Punjab 54570",https://www.google.com/maps/place/PKLogix+Software+House/data=!4m7!3m6!1s0x391903937fd78dbb:0xcabae9f352b0b77d!8m2!3d31.5052321!4d74.2698608!16s%2Fg%2F11j0brplns!19sChIJu43Xf5MDGTkRfbewUvPpuso?authuser=0&hl=en&rclk=1
36,Esketchers,https://www.esketchers.com/?utm_source=google-gmb-maps&utm_medium=gmb-website-button&utm_campaign=locl.io&utm_content=2c9adb10-eaaa-457f-ba82-c48a3bf0ca79,+1 415-992-8033,Phone number 2 not found.,"39 Block Q, Phase 2 Johar Town, Lahore, Punjab 54782",https://www.google.com/maps/place/Esketchers/data=!4m7!3m6!1s0x391904518f730587:0xff6f7310fbe593f0!8m2!3d31.4600966!4d74.2694724!16s%2Fg%2F1wj_rnn3!19sChIJhwVzj1EEGTkR8JPl-xBzb_8?authuser=0&hl=en&rclk=1
37,Quantum LHE (Pvt.) Ltd.,http://www.quantumcph.com/,Phone number 1 not found.,Phone number 2 not found.,"Office #1, 8th Floor, Shaheen Complex, Egerton Rd, Garhi Shahu, Lahore, Punjab 54000",https://www.google.com/maps/place/Quantum+LHE+%28Pvt.%29+Ltd./data=!4m7!3m6!1s0x39191b4acf856dcb:0x8b68d4e18bb5f7e7!8m2!3d31.5629546!4d74.332918!16s%2Fg%2F11bxb9rb8g!19sChIJy22Fz0obGTkR5_e1i-HUaIs?authuser=0&hl=en&rclk=1
38,Bestosoft- The best software in lahore,http://www.bestosoft.co/,Phone number 1 not found.,0301 4836286,"G9C5+5G4, Block N Gulberg III, Lahore, Punjab",https://www.google.com/maps/place/Bestosoft-+The+best+software+in+lahore/data=!4m7!3m6!1s0x3919050e606f7415:0xde4c24f736a14fc8!8m2!3d31.5203906!4d74.3588167!16s%2Fg%2F11h58f9zx8!19sChIJFXRvYA4FGTkRyE-hNvckTN4?authuser=0&hl=en&rclk=1
39,Intagleo Systems,http://www.intagleo.com/,(042) 35708250,Phone number 2 not found.,"Q, 439, Sector Q DHA Phase 2, Lahore, Punjab 54792",https://www.google.com/maps/place/Intagleo+Systems/data=!4m7!3m6!1s0x39190f54f7369b63:0x2364e69ebdab1bc2!8m2!3d31.4846006!4d74.4091919!16s%2Fg%2F1tkb3hlp!19sChIJY5s291QPGTkRwhurvZ7mZCM?authuser=0&hl=en&rclk=1
40,Tanbits,http://www.tanbits.com/,(042) 32299234,Phone number 2 not found.,"412, G4, Johar Town, Lahore, 42000",https://www.google.com/maps/place/Tanbits/data=!4m7!3m6!1s0x391903aa525dbd73:0xe8a8ed8bf2d34e37!8m2!3d31.4758625!4d74.2705189!16s%2Fg%2F11np7sdxdf!19sChIJc71dUqoDGTkRN07T8ovtqOg?authuser=0&hl=en&rclk=1
41,Clustox,https://clustox.com/,(042) 32801668,Phone number 2 not found.,"157-M, Bhabra Gulberg III, Lahore, 54000",https://www.google.com/maps/place/Clustox/data=!4m7!3m6!1s0x3919045190746e17:0x635c482cfb96aa2e!8m2!3d31.490685!4d74.3409927!16s%2Fg%2F11bysjtz3g!19sChIJF250kFEEGTkRLqqW-yxIXGM?authuser=0&hl=en&rclk=1
42,Karma Software Solutions,https://karmasoftwaresolutions.com/,Phone number 1 not found.,Phone number 2 not found.,"Plot 655, Block B Faisal Town, Lahore, Punjab",https://www.google.com/maps/place/Karma+Software+Solutions/data=!4m7!3m6!1s0x3919057dc64bd733:0x227245100fbeed54!8m2!3d31.4763761!4d74.3023479!16s%2Fg%2F11qt44kn_f!19sChIJM9dLxn0FGTkRVO2-DxBFciI?authuser=0&hl=en&rclk=1
43,Square63,http://www.square63.com/,0331 4945905,Phone number 2 not found.,"34-XX DHA Phase III, Main Khayaban-e-Iqbal Road, Sector XX DHA Phase 3, Lahore, Punjab 54700",https://www.google.com/maps/place/Square63/data=!4m7!3m6!1s0x39190167fa097f73:0xe09409254da797c7!8m2!3d31.471141!4d74.363504!16s%2Fg%2F1wcxbgt0!19sChIJc38J-mcBGTkRx5enTSUJlOA?authuser=0&hl=en&rclk=1
44,Active House Technologies,https://activehousetech.com/,Phone number 1 not found.,Phone number 2 not found.,"IT Tower, Office # 19, 2nd Floor, Hali Rd, Block E 1 Gulberg III, Lahore, Punjab 54660",https://www.google.com/maps/place/Active+House+Technologies/data=!4m7!3m6!1s0x39190520d146700d:0x67ccc704b4ac4592!8m2!3d31.515556!4d74.3411068!16s%2Fg%2F11j8g6rz3x!19sChIJDXBG0SAFGTkRkkWstATHzGc?authuser=0&hl=en&rclk=1
45,First Idea Web Development (Pvt) Ltd. Domain Hosting Company | Web Development Software House,https://firstideaweb.com/,Phone number 1 not found.,Phone number 2 not found.,"office 1, 2nd floor, 91G, Phase 1 Lahore, 54000",https://www.google.com/maps/place/First+Idea+Web+Development+%28Pvt%29+Ltd.+Domain+Hosting+Company+%7C+Web+Development+Software+House/data=!4m7!3m6!1s0x391905fd2e7da175:0x9576a1d19fc157ca!8m2!3d31.4927041!4d74.3761274!16s%2Fg%2F11g9q8wq6s!19sChIJdaF9Lv0FGTkRylfBn9GhdpU?authuser=0&hl=en&rclk=1
46,Software Company,http://www.transmutegroup.com/,Phone number 1 not found.,Phone number 2 not found.,"7, E/3 Gulberg III, Lahore, Punjab 54660",https://www.google.com/maps/place/Software+Company/data=!4m7!3m6!1s0x3919055b6f1947e5:0xca561621113c6f78!8m2!3d31.5248584!4d74.329093!16s%2Fg%2F11hg5dltq8!19sChIJ5UcZb1sFGTkReG88ESEWVso?authuser=0&hl=en&rclk=1
47,AZ Software House,https://www.dmessages.com/,Phone number 1 not found.,Phone number 2 not found.,"Atto Asal, Lahore, Punjab 53100",https://www.google.com/maps/place/AZ+Software+House/data=!4m7!3m6!1s0x3919a95294418a6f:0xe451fa02804f6ea9!8m2!3d31.3075896!4d74.4038919!16s%2Fg%2F11j5q82xc1!19sChIJb4pBlFKpGTkRqW5PgAL6UeQ?authuser=0&hl=en&rclk=1
48,HISOFT,https://www.hisoft.pk/,Phone number 1 not found.,Phone number 2 not found.,"47, Mian Azhar Street، Addan Villas, Dera Hassan Rd, Lahore, 54000",https://www.google.com/maps/place/HISOFT/data=!4m7!3m6!1s0x39190fd4f6276b5f:0x5aa6e1f124a7419f!8m2!3d31.5761942!4d74.4647203!16s%2Fg%2F11cknc3tcv!19sChIJX2sn9tQPGTkRn0GnJPHhplo?authuser=0&hl=en&rclk=1
49,HazelSoft,https://hazelsoft.net/,Plus code: G86F+XR Lahore,Phone number 2 not found.,"Garden، 80-A New, Abu Bakar Block Town, Lahore, Punjab 54000",https://www.google.com/maps/place/HazelSoft/data=!4m7!3m6!1s0x391903f93f7e97b1:0x11adfbedd8736ed5!8m2!3d31.5123913!4d74.3245006!16s%2Fg%2F11bwkd_7z_!19sChIJsZd-P_kDGTkR1W5z2O37rRE?authuser=0&hl=en&rclk=1
50,Hashtag Solution - Software Development Company / SEO Agency in Pakistan,https://hashtagsolution.net/,Phone number 1 not found.,Phone number 2 not found.,"249-A, Block E 1 Phase 1 Johar Town, Lahore, Punjab 54000",https://www.google.com/maps/place/Hashtag+Solution+-+Software+Development+Company+%2F+SEO+Agency+in+Pakistan/data=!4m7!3m6!1s0x391903ddcd3c0f95:0xe5351c0f3ae2223e!8m2!3d31.4700457!4d74.2896495!16s%2Fg%2F11rq9kzkts!19sChIJlQ88zd0DGTkRPiLiOg8cNeU?authuser=0&hl=en&rclk=1
51,IOI Technologies Private Limited,https://ioitech.business.site/?utm_source=gmb&utm_medium=referral,0307 1444222,Phone number 2 not found.,"House 438, J 3 Block Block J 3 Phase 2 Johar Town, Lahore, Punjab 54000",https://www.google.com/maps/place/IOI+Technologies+Private+Limited/data=!4m7!3m6!1s0x391901b4f5bd7785:0xe94730b26ed322f9!8m2!3d31.4648512!4d74.2554951!16s%2Fg%2F11gmccktyl!19sChIJhXe99bQBGTkR-SLTbrIwR-k?authuser=0&hl=en&rclk=1
52,Best IT Solutions,https://webrole-technologies.business.site/,0333 5849688,Phone number 2 not found.,"Al Raheem Garden H# 174C, Near Quiad-e-Azam Interchange Wahga Road, Lahore, 54920",https://www.google.com/maps/place/Best+IT+Solutions/data=!4m7!3m6!1s0x391911d273620869:0xe593e355f1991a15!8m2!3d31.5970231!4d74.4395456!16s%2Fg%2F11mhfl2lpr!19sChIJaQhic9IRGTkRFRqZ8VXjk-U?authuser=0&hl=en&rclk=1
53,Alhuda Android Development Company Lahore,http://www.alhudacreatives.com/,Phone number 1 not found.,Plus code: H74V+FX Lahore,"near Chauburji, Sham Nagar Sanda, Lahore, Punjab 54000",https://www.google.com/maps/place/Alhuda+Android+Development+Company+Lahore/data=!4m7!3m6!1s0x3919033361907211:0x3343f582076722d!8m2!3d31.5562156!4d74.2949542!16s%2Fg%2F11pwwtm7qf!19sChIJEXKQYTMDGTkRLXJ2IFg_NAM?authuser=0&hl=en&rclk=1
54,IKS Logics,http://www.ikslogics.com/,(042) 32187959,Phone number 2 not found.,"F1, 12, Block F1 Block F 1 Phase 1 Johar Town, Lahore, Punjab 54782",https://www.google.com/maps/place/IKS+Logics/data=!4m7!3m6!1s0x3919013f04905629:0x7ecc2f035f8cbdec!8m2!3d31.4586494!4d74.2800836!16s%2Fg%2F11fsmfwtyv!19sChIJKVaQBD8BGTkR7L2MXwMvzH4?authuser=0&hl=en&rclk=1
55,Online Software IT Solutions,http://www.timesoftint.com/,Phone number 1 not found.,0301 4061411,"181 LG Hafeez Center Gulberg, Block E 1 Gulberg III, Lahore, Punjab",https://www.google.com/maps/place/Online+Software+IT+Solutions/data=!4m7!3m6!1s0x39190458e1a6bf0d:0x96683307abb7f95!8m2!3d31.5157609!4d74.342865!16s%2Fg%2F11fy4mb8cf!19sChIJDb-m4VgEGTkRlX-7ejCDZgk?authuser=0&hl=en&rclk=1
56,Softech Systems Limited,https://www.softech-systems.com/,(042) 35290561,Phone number 2 not found.,"131/1-A/M, Quaid-e-Azam Industrial Estate Kot Lakhpat, Lahore, Punjab 54770",https://www.google.com/maps/place/Softech+Systems+Limited/data=!4m7!3m6!1s0x391903d63399d7b9:0x665d5f948a142c3a!8m2!3d31.4333844!4d74.3151568!16s%2Fg%2F11r8g1tn3!19sChIJudeZM9YDGTkROiwUipRfXWY?authuser=0&hl=en&rclk=1
57,Trainnovative Digital Marketing Services | Software House in Lahore,https://www.trainnovative.co/,Phone number 1 not found.,Phone number 2 not found.,"Grace building, Canal Rd, Gulberg 2, Lahore, 54000",https://www.google.com/maps/place/Trainnovative+Digital+Marketing+Services+%7C+Software+House+in+Lahore/data=!4m7!3m6!1s0x39190330dab46c5f:0x799587ceb4b85a!8m2!3d31.4815121!4d74.2806183!16s%2Fg%2F11sq2fb00m!19sChIJX2y02jADGTkRWri0zoeVeQA?authuser=0&hl=en&rclk=1
58,Web Design and Development Company Garden Town Lahore,https://www.thexpertz.com/,0321 6886880,Phone number 2 not found.,"Plot 165, Ali Block New Garden Town, Lahore, Punjab 54600",https://www.google.com/maps/place/Web+Design+and+Development+Company+Garden+Town+Lahore/data=!4m7!3m6!1s0x391905ac6b5fff33:0x1108157aece728ff!8m2!3d31.5043677!4d74.3288592!16s%2Fg%2F11jv4vqc87!19sChIJM_9fa6wFGTkR_yjn7HoVCBE?authuser=0&hl=en&rclk=1
59,AlgoRepublic,https://www.algorepublic.com/,Phone number 1 not found.,Phone number 2 not found.,"614, Siddique Trade Center, Block H Gulberg III, Lahore, Punjab 54660",https://www.google.com/maps/place/AlgoRepublic/data=!4m7!3m6!1s0x391904d793626f81:0x70442e3ad5fc098d!8m2!3d31.5309463!4d74.3528961!16s%2Fg%2F11f03mhxv7!19sChIJgW9ik9cEGTkRjQn81TouRHA?authuser=0&hl=en&rclk=1
60,TechAbout Private Limited,https://www.techabout.com/,Phone number 1 not found.,Phone number 2 not found.,"Building No, 7 Street 17, Sector Z DHA Phase 3, Lahore, Punjab 53000",https://www.google.com/maps/place/TechAbout+Private+Limited/data=!4m7!3m6!1s0x3919067448d61feb:0xc1d14459afd40f50!8m2!3d31.4748344!4d74.3781366!16s%2Fg%2F11hbbvj7jv!19sChIJ6x_WSHQGGTkRUA_Ur1lE0cE?authuser=0&hl=en&rclk=1
61,ERSTECH SOFTWARE COMPANY,http://www.erstech.org/,0344 2297235,Phone number 2 not found.,"2nd Floor, Divine Mega 2, Office#226 Ghazi Rd, opposite to Honda Point, DHA Phase 3, Lahore, Punjab 54000",https://www.google.com/maps/place/ERSTECH+SOFTWARE+COMPANY/data=!4m7!3m6!1s0x39190f0e874a45a1:0x26001ce51b7b4be2!8m2!3d31.4936436!4d74.4172961!16s%2Fg%2F11lrywyrgr!19sChIJoUVKhw4PGTkR4kt7G-UcACY?authuser=0&hl=en&rclk=1
62,iTech Resources (Pvt) Ltd,http://www.itechresources.pk/,0303 4039608,Phone number 2 not found.,"Office 2A, 2nd Floor, Compsi IT Center, Barkat Market, Commercial Area Garden Town, Lahore, Punjab 54600",https://www.google.com/maps/place/iTech+Resources+%28Pvt%29+Ltd/data=!4m7!3m6!1s0x391905681f3da0bb:0x10cdde3ed98e24f1!8m2!3d31.4986343!4d74.3213323!16s%2Fg%2F11h2gf2gzr!19sChIJu6A9H2gFGTkR8SSO2T7ezRA?authuser=0&hl=en&rclk=1
63,Trainnovative Digital Marketing Services | Software House in Lahore,https://www.trainnovative.co/,Phone number 1 not found.,Phone number 2 not found.,"Grace building, Canal Rd, Gulberg 2, Lahore, 54000",https://www.google.com/maps/place/Trainnovative+Digital+Marketing+Services+%7C+Software+House+in+Lahore/data=!4m7!3m6!1s0x39190330dab46c5f:0x799587ceb4b85a!8m2!3d31.4815121!4d74.2806183!16s%2Fg%2F11sq2fb00m!19sChIJX2y02jADGTkRWri0zoeVeQA?authuser=0&hl=en&rclk=1
64,Maxxsol,https://www.maxxsol.com/,(042) 36408089,Phone number 2 not found.,"4th floor, Suite # 3, Al-Hafeez Suites, MM Alam Rd, Gulberg III, Lahore, 54660",https://www.google.com/maps/place/Maxxsol/data=!4m7!3m6!1s0x391904518f9372d5:0x4407710588479585!8m2!3d31.5104436!4d74.3524427!16s%2Fg%2F12606g1cq!19sChIJ1XKTj1EEGTkRhZVHiAVxB0Q?authuser=0&hl=en&rclk=1
65,Dtech Systems,https://www.dtechsystems.co/,Phone number 1 not found.,Phone number 2 not found.,"3rd Floor, 19 A Main Boulevard Gulberg, Ali Block New Garden Town, Lahore, Punjab 54000",https://www.google.com/maps/place/Dtech+Systems/data=!4m7!3m6!1s0x39191caf71d5e76f:0x8d7b59e480cd2a80!8m2!3d31.5022749!4d74.3231424!16s%2Fg%2F11c2r04rpk!19sChIJb-fVca8cGTkRgCrNgORZe40?authuser=0&hl=en&rclk=1
66,"Visnext Software Solutions, Lahore",http://visnext.com/,(042) 35752867,Phone number 2 not found.,"1C - 3, Sikandar Ali Malhi Rd, Canal Park Lahore, 54000","https://www.google.com/maps/place/Visnext+Software+Solutions,+Lahore/data=!4m7!3m6!1s0x391905bc7bf093e7:0x7540a8be53d559dc!8m2!3d31.5327782!4d74.3399897!16s%2Fg%2F11gxg8rw1v!19sChIJ55Pwe7wFGTkR3FnVU76oQHU?authuser=0&hl=en&rclk=1"
67,Cyber Advance Solutions,https://www.cyberasol.com/,(042) 35442760,Phone number 2 not found.,"160, Ahmed Block Garden Town, Lahore, Punjab 54000",https://www.google.com/maps/place/Cyber+Advance+Solutions/data=!4m7!3m6!1s0x39190535c18be70b:0x158c5a43bad5fe8b!8m2!3d31.5084395!4d74.3224041!16s%2Fg%2F11f8_z39mc!19sChIJC-eLwTUFGTkRi_7VukNajBU?authuser=0&hl=en&rclk=1
68,Conrad Labs,http://www.conradlabs.com/,(042) 35876257,Phone number 2 not found.,"20 C-A, Gulberg II, F.C.C., Lahore, Punjab 54000",https://www.google.com/maps/place/Conrad+Labs/data=!4m7!3m6!1s0x391904f48ac0c619:0x34c29119713fbd4c!8m2!3d31.5220358!4d74.3381388!16s%2Fg%2F1hf49kcms!19sChIJGcbAivQEGTkRTL0_cRmRwjQ?authuser=0&hl=en&rclk=1
69,Takhleeq Inc.,http://www.takhleeqhq.com/,Phone number 1 not found.,Phone number 2 not found.,"G82F+WQ6, مین بولیوارڈ, Ali Block Garden Town, Lahore, Punjab",https://www.google.com/maps/place/Takhleeq+Inc./data=!4m7!3m6!1s0x3919046effdb9395:0xd3f3a9fe2eb79e62!8m2!3d31.5022779!4d74.324386!16s%2Fg%2F11b6xhwly5!19sChIJlZPb_24EGTkRYp63Lv6p89M?authuser=0&hl=en&rclk=1
70,Your Web Developers,http://yourwebdevelopers.com/,Phone number 1 not found.,Phone number 2 not found.,"1st Floor M-12، Jeff Heights, Gulberg Lahore،, Block E 1 Gulberg III, Lahore, Punjab 54000",https://www.google.com/maps/place/Your+Web+Developers/data=!4m7!3m6!1s0x391905af1c3f457d:0x40c6ba1da4a16153!8m2!3d31.516888!4d74.3434187!16s%2Fg%2F11frdn22p8!19sChIJfUU_HK8FGTkRU2GhpB26xkA?authuser=0&hl=en&rclk=1
71,Expert IT Solutions,https://expertpk.com/,Phone number 1 not found.,Phone number 2 not found.,"LDA Flats, Block Q Block Q Flats Model Town, Lahore, Punjab",https://www.google.com/maps/place/Expert+IT+Solutions/data=!4m7!3m6!1s0x391906a0c638e249:0x354ea52877eee66c!8m2!3d31.470646!4d74.330234!16s%2Fg%2F1hhxp7kz4!19sChIJSeI4xqAGGTkRbObudyilTjU?authuser=0&hl=en&rclk=1
72,"GraceSol Technologies - Lahore, Pakistan",http://www.gracesol.com/,Phone number 1 not found.,Phone number 2 not found.,"Attaturk Block Ata Turk Block Garden Town, Lahore, Punjab 54000","https://www.google.com/maps/place/GraceSol+Technologies+-+Lahore,+Pakistan/data=!4m7!3m6!1s0x3919044f00000001:0x4dedae4d4660efb3!8m2!3d31.494665!4d74.3196626!16s%2Fg%2F11c51xvv17!19sChIJAQAAAE8EGTkRs-9gRk2u7U0?authuser=0&hl=en&rclk=1"
73,Brainload Technologies,https://www.brainloadtech.com/,Phone number 1 not found.,Phone number 2 not found.,"77 CCA, Sector C Phase 5 D.H.A, Lahore, Punjab 54000",https://www.google.com/maps/place/Brainload+Technologies/data=!4m7!3m6!1s0x391905e0ac343a9b:0xeca4baa9086ead6!8m2!3d31.4611594!4d74.413467!16s%2Fg%2F11c48r_y6h!19sChIJmzo0rOAFGTkR1uqGkKpLyg4?authuser=0&hl=en&rclk=1
74,Web Development Company Lahore,https://sweetlovemessages.net/,0331 7401015,Phone number 2 not found.,"Glamour One Plaza, Maulana Shaukat Ali Rd, Sector B-1 Block 1 Sector B 1 Lahore, Punjab 54770",https://www.google.com/maps/place/Web+Development+Company+Lahore/data=!4m7!3m6!1s0x3919070fa80f2c4f:0xc2e796515d41acdc!8m2!3d31.4652537!4d74.3119149!16s%2Fg%2F11gjt_zvxj!19sChIJTywPqA8HGTkR3KxBXVGW58I?authuser=0&hl=en&rclk=1
75,IOI Technologies Private Limited,https://ioitech.business.site/?utm_source=gmb&utm_medium=referral,0307 1444222,Phone number 2 not found.,"House 438, J 3 Block Block J 3 Phase 2 Johar Town, Lahore, Punjab 54000",https://www.google.com/maps/place/IOI+Technologies+Private+Limited/data=!4m7!3m6!1s0x391901b4f5bd7785:0xe94730b26ed322f9!8m2!3d31.4648512!4d74.2554951!16s%2Fg%2F11gmccktyl!19sChIJhXe99bQBGTkR-SLTbrIwR-k?authuser=0&hl=en&rclk=1
76,Alpha Rages,http://www.alpharages.com/,(042) 38912990,Phone number 2 not found.,"office#1004, High-Q Tower, Lahore, 55056",https://www.google.com/maps/place/Alpha+Rages/data=!4m7!3m6!1s0x39190547366ad983:0xa958551d9c6b695e!8m2!3d31.5355785!4d74.3440915!16s%2Fg%2F11rcn9363l!19sChIJg9lqNkcFGTkRXmlrnB1VWKk?authuser=0&hl=en&rclk=1
77,Files Studio Software House & Game Studio,https://filesstudios.com/,(042) 35762441,Phone number 2 not found.,"11-D Jail Rd, Main Gulberg, Lahore, Punjab",https://www.google.com/maps/place/Files+Studio+Software+House+%26+Game+Studio/data=!4m7!3m6!1s0x391904ec358de32d:0x47db05df2e4544ec!8m2!3d31.5332324!4d74.3478274!16s%2Fg%2F11c44y5y0_!19sChIJLeONNewEGTkR7ERFLt8F20c?authuser=0&hl=en&rclk=1
78,Softech Systems Limited,https://www.softech-systems.com/,(042) 35290561,Phone number 2 not found.,"131/1-A/M, Quaid-e-Azam Industrial Estate Kot Lakhpat, Lahore, Punjab 54770",https://www.google.com/maps/place/Softech+Systems+Limited/data=!4m7!3m6!1s0x391903d63399d7b9:0x665d5f948a142c3a!8m2!3d31.4333844!4d74.3151568!16s%2Fg%2F11r8g1tn3!19sChIJudeZM9YDGTkROiwUipRfXWY?authuser=0&hl=en&rclk=1
79,AKW Brains - Software House in Lahore - Digital Marketing Agency in Lahore Pakistan,https://akwbrains.com/,0347 1012449,Phone number 2 not found.,"Garden, 88, Aibak Block Garden Town, Town, Lahore, Punjab 54000",https://www.google.com/maps/place/AKW+Brains+-+Software+House+in+Lahore+-+Digital+Marketing+Agency+in+Lahore+Pakistan/data=!4m7!3m6!1s0x391903a841e59541:0x5828fcf85cf97497!8m2!3d31.4980687!4d74.3195378!16s%2Fg%2F11pzjw6dsl!19sChIJQZXlQagDGTkRl3T5XPj8KFg?authuser=0&hl=en&rclk=1
80,Webixoft Solutions,http://webixoft.com/,Phone number 1 not found.,Phone number 2 not found.,"Al Hafeez Shopping Mall، Office # 807, 8th Floor، Main Boulevard, Gulberg III, Lahore, 54000",https://www.google.com/maps/place/Webixoft+Solutions/data=!4m7!3m6!1s0x39190172e83682fd:0x6c697422b4b26f2!8m2!3d31.5139698!4d74.3433629!16s%2Fg%2F1hc6048m6!19sChIJ_YI26HIBGTkR8iZLK0KXxgY?authuser=0&hl=en&rclk=1
81,Vision Plus,http://www.visionplus.com.pk/,0300 4320015,Phone number 2 not found.,"224/A,Near Aubiya Market, Block A Muslim Town, Lahore, Punjab",https://www.google.com/maps/place/Vision+Plus/data=!4m7!3m6!1s0x3919038080f2fa49:0xae4788c491fe91!8m2!3d31.5116863!4d74.3118133!16s%2Fg%2F1ptwkb_rz!19sChIJSfrygIADGTkRkf6RxIhHrgA?authuser=0&hl=en&rclk=1
82,Techliance,https://techliance.com/,0321 4224248,Phone number 2 not found.,"Suite 6-7, Anjuman Himayat Islam Building, 4 Shershah Rd, Shershah Block Garden Town, Lahore, Punjab",https://www.google.com/maps/place/Techliance/data=!4m7!3m6!1s0x3919054976837e91:0x97ddcd17e6354fa!8m2!3d31.4965981!4d74.3192001!16s%2Fg%2F11kn3pkj5n!19sChIJkX6DdkkFGTkR-lRjftHcfQk?authuser=0&hl=en&rclk=1
83,CYBRNODE,https://www.cybnode.com/,Phone number 1 not found.,Phone number 2 not found.,Address not found.,https://www.google.com/maps/place/CYBRNODE/data=!4m7!3m6!1s0x391905808f3d81af:0xfae7bfe9ec22f0b2!8m2!3d14.1576412!4d-85.0899246!16s%2Fg%2F11fnbfgb44!19sChIJr4E9j4AFGTkRsvAi7Om_5_o?authuser=0&hl=en&rclk=1
84,Loxvo Technologies,http://www.loxvo.com/,Phone number 1 not found.,Phone number 2 not found.,"Office 21, Floor 2nd, Mall of Lahore, Cantt, Lahore, Punjab 54000",https://www.google.com/maps/place/Loxvo+Technologies/data=!4m7!3m6!1s0x391904273d890db9:0x943436cd2708ed80!8m2!3d31.5294545!4d74.3786113!16s%2Fg%2F119wcnc14!19sChIJuQ2JPScEGTkRgO0IJ802NJQ?authuser=0&hl=en&rclk=1
85,Novapex Software Technologies,http://www.novapextech.com/,Phone number 1 not found.,Phone number 2 not found.,"Suite # 13 3rd floor Al Hafiz suites 69 B/2،, Lahore, 54660",https://www.google.com/maps/place/Novapex+Software+Technologies/data=!4m7!3m6!1s0x3919059dc6870e27:0xbbff6251e1725640!8m2!3d31.5104016!4d74.3525999!16s%2Fg%2F11h1dgtk3t!19sChIJJw6Hxp0FGTkRQFZy4VFi_7s?authuser=0&hl=en&rclk=1
86,HISOFT,https://www.hisoft.pk/,Phone number 1 not found.,Phone number 2 not found.,"47, Mian Azhar Street، Addan Villas, Dera Hassan Rd, Lahore, 54000",https://www.google.com/maps/place/HISOFT/data=!4m7!3m6!1s0x39190fd4f6276b5f:0x5aa6e1f124a7419f!8m2!3d31.5761942!4d74.4647203!16s%2Fg%2F11cknc3tcv!19sChIJX2sn9tQPGTkRn0GnJPHhplo?authuser=0&hl=en&rclk=1
87,i2c Inc.,https://www.i2cinc.com/,(042) 111 000 048,Phone number 2 not found.,"04, Old FCC Rd, Lahore – Kasur Rd, Gulberg III, Lahore, Punjab 54000",https://www.google.com/maps/place/i2c+Inc./data=!4m7!3m6!1s0x39190461e1fa96c7:0x2099d5fbf44231ee!8m2!3d31.5170886!4d74.3306855!16s%2Fg%2F1tdjzzvr!19sChIJx5b64WEEGTkR7jFC9PvVmSA?authuser=0&hl=en&rclk=1
